intermediary	named_1.21.11	in_26.2	hint
class_10017	net/minecraft/client/renderer/entity/state/EntityRenderState	yes	
class_10442	net/minecraft/client/renderer/item/ItemModelResolver	yes	
class_10444	net/minecraft/client/renderer/item/ItemStackRenderState	yes	
class_10515	net/minecraft/client/renderer/special/SpecialModelRenderer	yes	
class_10516	net/minecraft/client/renderer/special/SpecialModelRenderer$Unbaked	yes	
class_10517	net/minecraft/client/renderer/special/SpecialModelRenderers	yes	
class_1101	net/minecraft/client/resources/sounds/AbstractTickableSoundInstance	yes	
class_1113	net/minecraft/client/resources/sounds/SoundInstance	yes	
class_1114	net/minecraft/client/resources/sounds/SoundInstance$Attenuation	yes	
class_11368	net/minecraft/world/level/storage/ValueInput	yes	
class_11372	net/minecraft/world/level/storage/ValueOutput	yes	
class_11566	net/minecraft/world/entity/ItemOwner	yes	
class_11659	net/minecraft/client/renderer/SubmitNodeCollector	yes	
class_11683	net/minecraft/client/renderer/feature/ModelFeatureRenderer	yes	
class_11695	net/minecraft/client/renderer/special/SpecialModelRenderer$BakingContext	yes	
class_11792	net/minecraft/client/renderer/feature/ModelFeatureRenderer$CrumblingOverlay	yes	
class_11900	net/minecraft/client/KeyMapping$Category	yes	
class_11954	net/minecraft/client/renderer/blockentity/state/BlockEntityRenderState	yes	
class_12075	net/minecraft/client/renderer/state/CameraRenderState	NO	same simple name at: net/minecraft/client/renderer/state/level/CameraRenderState
class_12087	net/minecraft/server/permissions/Permission	yes	
class_12089	net/minecraft/server/permissions/Permission$HasCommandLevel	yes	
class_12094	net/minecraft/server/permissions/PermissionLevel	yes	
class_12122	net/minecraft/world/item/SwingAnimationType	yes	
class_12126	net/minecraft/world/item/component/SwingAnimation	yes	
class_12249	net/minecraft/client/renderer/rendertype/RenderTypes	yes	
class_1264	net/minecraft/world/Containers	yes	
class_1268	net/minecraft/world/InteractionHand	yes	
class_1269	net/minecraft/world/InteractionResult	yes	
class_1282	net/minecraft/world/damagesource/DamageSource	yes	
class_1297	net/minecraft/world/entity/Entity	yes	
class_1299	net/minecraft/world/entity/EntityType	yes	
class_1300	net/minecraft/world/entity/EntityType$Builder	yes	
class_1304	net/minecraft/world/entity/EquipmentSlot	yes	
class_1306	net/minecraft/world/entity/HumanoidArm	yes	
class_1309	net/minecraft/world/entity/LivingEntity	yes	
class_1311	net/minecraft/world/entity/MobCategory	yes	
class_1540	net/minecraft/world/entity/item/FallingBlockEntity	yes	
class_1657	net/minecraft/world/entity/player/Player	yes	
class_1665	net/minecraft/world/entity/projectile/arrow/AbstractArrow	yes	
class_1675	net/minecraft/world/entity/projectile/ProjectileUtil	yes	
class_1676	net/minecraft/world/entity/projectile/Projectile	yes	
class_1747	net/minecraft/world/item/BlockItem	yes	
class_1750	net/minecraft/world/item/context/BlockPlaceContext	yes	
class_1792	net/minecraft/world/item/Item	yes	
class_1793	net/minecraft/world/item/Item$Properties	yes	
class_1799	net/minecraft/world/item/ItemStack	yes	
class_1921	net/minecraft/client/renderer/rendertype/RenderType	yes	
class_1922	net/minecraft/world/level/BlockGetter	yes	
class_1937	net/minecraft/world/level/Level	yes	
class_2168	net/minecraft/commands/CommandSourceStack	yes	
class_2170	net/minecraft/commands/Commands	yes	
class_2237	net/minecraft/world/level/block/BaseEntityBlock	yes	
class_2246	net/minecraft/world/level/block/Blocks	yes	
class_2248	net/minecraft/world/level/block/Block	yes	
class_2251	net/minecraft/world/level/block/state/BlockBehaviour$Properties	yes	
class_2338	net/minecraft/core/BlockPos	yes	
class_2350	net/minecraft/core/Direction	yes	
class_2378	net/minecraft/core/Registry	yes	
class_238	net/minecraft/world/phys/AABB	yes	
class_239	net/minecraft/world/phys/HitResult	yes	
class_2390	net/minecraft/core/particles/DustParticleOptions	yes	
class_2394	net/minecraft/core/particles/ParticleOptions	yes	
class_2398	net/minecraft/core/particles/ParticleTypes	yes	
class_240	net/minecraft/world/phys/HitResult$Type	yes	
class_242	net/minecraft/world/level/ClipContext$Fluid	yes	
class_243	net/minecraft/world/phys/Vec3	yes	
class_2464	net/minecraft/world/level/block/RenderShape	yes	
class_2487	net/minecraft/nbt/CompoundTag	yes	
class_2498	net/minecraft/world/level/block/SoundType	yes	
class_2561	net/minecraft/network/chat/Component	yes	
class_2586	net/minecraft/world/level/block/entity/BlockEntity	yes	
class_259	net/minecraft/world/phys/shapes/Shapes	yes	
class_2591	net/minecraft/world/level/block/entity/BlockEntityType	yes	
class_2596	net/minecraft/network/protocol/Packet	yes	
class_2602	net/minecraft/network/protocol/game/ClientGamePacketListener	yes	
class_2622	net/minecraft/network/protocol/game/ClientboundBlockEntityDataPacket	yes	
class_265	net/minecraft/world/phys/shapes/VoxelShape	yes	
class_2680	net/minecraft/world/level/block/state/BlockState	yes	
class_2689	net/minecraft/world/level/block/state/StateDefinition	yes	
class_2690	net/minecraft/world/level/block/state/StateDefinition$Builder	yes	
class_2709	net/minecraft/world/entity/Relative	yes	
class_2741	net/minecraft/world/level/block/state/properties/BlockStateProperties	yes	
class_2743	net/minecraft/network/protocol/game/ClientboundSetEntityMotionPacket	yes	
class_2754	net/minecraft/world/level/block/state/properties/EnumProperty	yes	
class_2767	net/minecraft/network/protocol/game/ClientboundSoundPacket	yes	
class_2769	net/minecraft/world/level/block/state/properties/Property	yes	
class_2940	net/minecraft/network/syncher/EntityDataAccessor	yes	
class_2943	net/minecraft/network/syncher/EntityDataSerializers	yes	
class_2945	net/minecraft/network/syncher/SynchedEntityData	yes	
class_2960	net/minecraft/resources/Identifier	yes	
class_304	net/minecraft/client/KeyMapping	yes	
class_307	com/mojang/blaze3d/platform/InputConstants$Type	yes	
class_310	net/minecraft/client/Minecraft	yes	
class_3218	net/minecraft/server/level/ServerLevel	yes	
class_3222	net/minecraft/server/level/ServerPlayer	yes	
class_3264	net/minecraft/server/packs/PackType	yes	
class_3300	net/minecraft/server/packs/resources/ResourceManager	yes	
class_332	net/minecraft/client/gui/GuiGraphics	NO	
class_3414	net/minecraft/sounds/SoundEvent	yes	
class_3419	net/minecraft/sounds/SoundSource	yes	
class_3532	net/minecraft/util/Mth	yes	
class_3620	net/minecraft/world/level/material/MapColor	yes	
class_3675	com/mojang/blaze3d/platform/InputConstants	yes	
class_3726	net/minecraft/world/phys/shapes/CollisionContext	yes	
class_3959	net/minecraft/world/level/ClipContext	yes	
class_3960	net/minecraft/world/level/ClipContext$Block	yes	
class_3965	net/minecraft/world/phys/BlockHitResult	yes	
class_3966	net/minecraft/world/phys/EntityHitResult	yes	
class_4587	com/mojang/blaze3d/vertex/PoseStack	yes	
class_4588	com/mojang/blaze3d/vertex/VertexConsumer	yes	
class_4604	net/minecraft/client/renderer/culling/Frustum	yes	
class_4608	net/minecraft/client/renderer/texture/OverlayTexture	yes	
class_4665	com/mojang/blaze3d/vertex/PoseStack$Pose	yes	
class_4970	net/minecraft/world/level/block/state/BlockBehaviour	yes	
class_5321	net/minecraft/resources/ResourceKey	yes	
class_5454	net/minecraft/world/level/portal/TeleportTransition	yes	
class_5529	net/minecraft/world/entity/Entity$RemovalReason	yes	
class_5614	net/minecraft/client/renderer/blockentity/BlockEntityRendererProvider	yes	
class_5615	net/minecraft/client/renderer/blockentity/BlockEntityRendererProvider$Context	yes	
class_5617	net/minecraft/client/renderer/entity/EntityRendererProvider	yes	
class_5618	net/minecraft/client/renderer/entity/EntityRendererProvider$Context	yes	
class_5619	net/minecraft/client/renderer/entity/EntityRenderers	yes	
class_5819	net/minecraft/util/RandomSource	yes	
class_636	net/minecraft/client/multiplayer/MultiPlayerGameMode	yes	
class_638	net/minecraft/client/multiplayer/ClientLevel	yes	
class_7225	net/minecraft/core/HolderLookup	yes	
class_742	net/minecraft/client/player/AbstractClientPlayer	yes	
class_746	net/minecraft/client/player/LocalPlayer	yes	
class_759	net/minecraft/client/renderer/ItemInHandRenderer	yes	
class_7706	net/minecraft/world/item/CreativeModeTabs	yes	
class_7833	com/mojang/math/Axis	yes	
class_7874	net/minecraft/core/HolderLookup$Provider	yes	
class_7923	net/minecraft/core/registries/BuiltInRegistries	yes	
class_7924	net/minecraft/core/registries/Registries	yes	
class_811	net/minecraft/world/item/ItemDisplayContext	yes	
class_827	net/minecraft/client/renderer/blockentity/BlockEntityRenderer	yes	
class_8710	net/minecraft/network/protocol/common/custom/CustomPacketPayload	yes	
class_897	net/minecraft/client/renderer/entity/EntityRenderer	yes	
class_9109	net/minecraft/world/entity/projectile/ProjectileDeflection	yes	
class_9129	net/minecraft/network/RegistryFriendlyByteBuf	yes	
class_9135	net/minecraft/network/codec/ByteBufCodecs	yes	
class_9139	net/minecraft/network/codec/StreamCodec	yes	
class_9154	net/minecraft/network/protocol/common/custom/CustomPacketPayload$Type	yes	
class_9222	net/minecraft/network/syncher/SynchedEntityData$Builder	yes	
class_9279	net/minecraft/world/item/component/CustomData	yes	
class_9280	net/minecraft/world/item/component/CustomModelData	yes	
class_9334	net/minecraft/core/component/DataComponents	yes	
